,Q Learning Algorithm,Episodes:1000,In-Path Obstacle

,Shortest Path
X-X-X-X,0.9,0.8,0.7
0.7000000000000001,12.0,12.0,12.0

,Longest Path
X-X-X-X,0.9,0.8,0.7
0.7000000000000001,252.1,252.1,252.1

,Total time
X-X-X-X,0.9,0.8,0.7
0.7000000000000001,0:01:01.860782,0:00:59.353997,0:00:58.632224

