,Q Learning Algorithm,Episodes:1000,In-Path Obstacle

,Shortest Path
X-X-X-X,0.9,0.8,0.7
0.7999999999999999,12.0,12.0,12.0

,Longest Path
X-X-X-X,0.9,0.8,0.7
0.7999999999999999,198.7,198.7,204.8

,Total time
X-X-X-X,0.9,0.8,0.7
0.7999999999999999,0:00:49.602446,0:00:45.739967,0:00:46.153173

