,Q Learning Algorithm,Episodes:1000,Cliff Walk

,Shortest Path
X-X-X-X,0.85,0.75,0.7,0.65,0.6
0.9,13.0,13.0,13.0,13.0,13.0

,Longest Path
X-X-X-X,0.85,0.75,0.7,0.65,0.6
0.9,278.2,283.2,283.2,293.8,300.6

,Total time
X-X-X-X,0.85,0.75,0.7,0.65,0.6
0.9,0:00:48.162298,0:00:45.825918,0:00:46.534727,0:00:45.920249,0:00:45.647733

