,Q Learning Algorithm,Episodes:1000,Obstacle Pipe

,Shortest Path
X-X-X-X,0.9,0.8,0.7
0.9000000000000001,14.0,14.0,14.0
0.7999999999999999,14.0,14.0,14.0

,Longest Path
X-X-X-X,0.9,0.8,0.7
0.9000000000000001,562.4,574.7,574.7
0.7999999999999999,644.0,644.0,644.0

,Total time
X-X-X-X,0.9,0.8,0.7
0.9000000000000001,0:00:45.916594,0:00:51.509364,0:00:48.898380
0.7999999999999999,0:01:17.761096,0:01:16.540538,0:01:34.207172

