,Q Learning Algorithm,Episodes:1000,In-Path Obstacle

,Shortest Path
X-X-X-X,0.87,0.84,0.81,0.78
0.7999999999999999,12.0,12.0,12.0,12.0

,Longest Path
X-X-X-X,0.87,0.84,0.81,0.78
0.7999999999999999,245.6,245.6,245.6,245.6

,Total time
X-X-X-X,0.87,0.84,0.81,0.78
0.7999999999999999,0:00:53.526323,0:00:59.360891,0:00:56.729006,0:00:54.334886

