,Q Learning Algorithm,Episodes:1000,Cliff Walk

,Shortest Path
X-X-X-X,0.9,0.8
0.9,13.0,13.0
0.8,13.0,13.0

,Longest Path
X-X-X-X,0.9,0.8
0.9,351.8,360.2
0.8,378.0,378.0

,Total time
X-X-X-X,0.9,0.8
0.9,0:00:40.089352,0:00:39.920941
0.8,0:00:58.152890,0:00:55.276627

