,Q Learning Algorithm,Episodes:1000,Cliff Walk

,Shortest Path
X-X-X-X,0.85,0.75
0.85,13.8,13.8
0.75,13.0,13.0

,Longest Path
X-X-X-X,0.85,0.75
0.85,907.2,1069.4
0.75,1456.0,1456.0

,Total time
X-X-X-X,0.85,0.75
0.85,0:00:40.827574,0:00:40.656821
0.75,0:00:57.506040,0:00:56.952565

