,Q Learning Algorithm,Episodes:1000,Cliff Walk

,Shortest Path
X-X-X-X,0.85,0.75,0.7,0.65,0.6
0.85,13.0,13.0,13.0,13.0,13.0

,Longest Path
X-X-X-X,0.85,0.75,0.7,0.65,0.6
0.85,318.4,350.2,358.6,358.6,358.6

,Total time
X-X-X-X,0.85,0.75,0.7,0.65,0.6
0.85,0:00:48.172481,0:00:45.798235,0:00:46.430677,0:00:46.269200,0:00:44.908774

