,SARSA Learning Algorithm,Episodes:1000,Obstacle

,Shortest Path
X-X-X-X,0.87,0.82,0.77,0.72,0.67
0.9,10,10,10,10,10
0.9,10,10,10,10,10
0.9,10,10,10,10,10
0.9,10,10,10,10,10
0.9,10,10,10,10,10
0.9,10,10,10,10,10
0.9,10,10,10,10,10
0.9,10,10,10,10,10
0.9,10,10,10,10,10
0.9,10,10,10,10,10


,Longest Path
X-X-X-X,0.87,0.82,0.77,0.72,0.67
0.9,382,382,3758,3758,3758
0.9,3758,19197,19197,19197,19197
0.9,19197,19197,19197,19197,19197
0.9,19197,19197,19197,19197,19197
0.9,19197,19197,19197,19197,19197
0.9,19197,19197,19197,19197,19197
0.9,19197,19197,19197,19197,19197
0.9,19197,19197,19197,19197,19197
0.9,19197,19197,19197,19197,19197
0.9,19197,19197,19197,19197,19197


,Total time
X-X-X-X,0.87,0.82,0.77,0.72,0.67
0.9,0:00:26.537046,0:00:28.793434,0:00:24.700744,0:00:34.954563,0:00:33.038908
0.9,0:00:23.184417,0:00:37.940822,0:00:15.138129,0:00:17.935771,0:00:26.862018
0.9,0:00:13.636402,0:00:14.114860,0:00:19.620291,0:00:18.745720,0:00:25.008150
0.9,0:00:16.739014,0:00:21.024321,0:00:18.425429,0:00:30.233206,0:00:31.550186
0.9,0:00:21.938160,0:00:28.170859,0:00:52.272731,0:00:44.264906,0:00:56.431229
0.9,0:00:56.911010,0:00:57.589863,0:00:52.665287,0:01:01.001734,0:00:59.257602
0.9,0:00:50.829242,0:00:54.317889,0:00:58.936962,0:01:01.338211,0:01:10.561129
0.9,0:01:16.817670,0:01:22.803038,0:01:12.399510,0:01:24.150121,0:01:22.157595
0.9,0:01:26.820029,0:01:14.633577,0:01:38.453050,0:01:15.466615,0:01:18.359475
0.9,0:01:02.807074,0:01:31.725931,0:01:25.669666,0:01:39.382597,0:01:21.574424


,Q Table
XXXXXX,0.87,,0.82,,0.77,,0.72,,0.67,
,Final,Full,Final,Full,Final,Full,Final,Full,Final,Full
0.9,9,81,9,81,9,81,9,81,9,81
0.9,9,81,9,81,9,81,9,81,9,81
0.9,9,81,9,81,9,81,9,81,9,81
0.9,9,81,9,81,9,81,9,81,9,81
0.9,9,81,9,81,9,81,9,81,9,81
0.9,9,77,9,81,9,81,9,81,9,81
0.9,9,81,9,81,9,81,9,81,9,81
0.9,9,81,9,81,9,81,9,81,9,81
0.9,9,81,9,81,9,78,9,81,9,81
0.9,9,81,9,81,9,81,9,81,9,81

