,SARSA Learning Algorithm,Episodes:1000,Obstacle Pipe

,Shortest Path
X-X-X-X,0.87,0.82,0.77
0.9000000000000001,14.0,14.0,14.0

,Longest Path
X-X-X-X,0.87,0.82,0.77
0.9000000000000001,20824.2,20824.2,20824.2

,Total time
X-X-X-X,0.87,0.82,0.77
0.9000000000000001,0:01:55.665975,0:01:45.649243,0:01:57.592097

