,SARSA Learning Algorithm,Episodes:1000,Obstacle Pipe

,Shortest Path
X-X-X-X,0.9,0.8,0.7
0.9000000000000001,14.0,14.0,14.0
0.7999999999999999,14.0,14.0,14.0

,Longest Path
X-X-X-X,0.9,0.8,0.7
0.9000000000000001,4581.9,4581.9,4581.9
0.7999999999999999,6351.0,6351.0,6351.0

,Total time
X-X-X-X,0.9,0.8,0.7
0.9000000000000001,0:02:26.883729,0:02:39.219573,0:02:52.658296
0.7999999999999999,0:04:38.578386,0:05:15.438887,0:06:05.458628

