,SARSA Learning Algorithm,Episodes:1000,In-Path Obstacle

,Shortest Path
X-X-X-X,0.9,0.8,0.7
0.9000000000000001,12.0,12.0,12.0
0.7999999999999999,12.0,12.0,12.0

,Longest Path
X-X-X-X,0.9,0.8,0.7
0.9000000000000001,973.9,973.9,973.9
0.7999999999999999,1595.0,1595.0,1595.0

,Total time
X-X-X-X,0.9,0.8,0.7
0.9000000000000001,0:02:40.409378,0:01:52.886326,0:01:22.846979
0.7999999999999999,0:06:14.442994,0:04:07.885982,0:03:11.193295

