,SARSA Learning Algorithm,Episodes:1000,In-Path Obstacle

,Shortest Path
X-X-X-X,0.87,0.82,0.77
0.9000000000000001,12.0,12.0,12.0

,Longest Path
X-X-X-X,0.87,0.82,0.77
0.9000000000000001,983.6,983.6,983.6

,Total time
X-X-X-X,0.87,0.82,0.77
0.9000000000000001,0:02:25.443122,0:02:04.865793,0:01:45.311473

