,SARSA Learning Algorithm,Episodes:1000,Obstacle Pipe

,Shortest Path
X-X-X-X,0.85,0.75,0.65
0.9000000000000001,14.0,14.0,14.0

,Longest Path
X-X-X-X,0.85,0.75,0.65
0.9000000000000001,4934.8,4991.5,5076.7

,Total time
X-X-X-X,0.85,0.75,0.65
0.9000000000000001,0:01:50.829919,0:02:03.980644,0:02:28.956433

