,SARSA Learning Algorithm,Episodes:1000,Obstacle

,Shortest Path
X-X-X-X,0.87,0.82,0.77,0.72,0.67
0.9000000000000001,10.0,10.0,10.0,10.0,10.0

,Longest Path
X-X-X-X,0.87,0.82,0.77,0.72,0.67
0.9000000000000001,15771.6,17315.5,17653.1,17653.1,17653.1

,Total time
X-X-X-X,0.87,0.82,0.77,0.72,0.67
0.9000000000000001,0:00:43.622006,0:00:49.111459,0:00:49.828180,0:00:52.747344,0:00:54.480072

