,SARSA Learning Algorithm,Episodes:1000,Cliff Walk

,Shortest Path
X-X-X-X,0.9,0.8,0.7
0.9,15.4,15.4,15.4
0.8,15.0,15.0,15.0

,Longest Path
X-X-X-X,0.9,0.8,0.7
0.9,809.0,809.0,883.4
0.8,22015.4,26195.6,28274.4

,Total time
X-X-X-X,0.9,0.8,0.7
0.9,0:00:41.553537,0:00:48.251712,0:00:54.428741
0.8,0:00:56.259928,0:01:07.711180,0:02:52.127208

