,SARSA Learning Algorithm,Episodes:1000,In-Path Obstacle

,Shortest Path
X-X-X-X,0.75,0.65
0.9000000000000001,12.7,12.7

,Longest Path
X-X-X-X,0.75,0.65
0.9000000000000001,328.6,333.0

,Total time
X-X-X-X,0.75,0.65
0.9000000000000001,0:01:25.088583,0:01:05.876123

