,SARSA Learning Algorithm,Episodes:500,Cliff Walk

,Shortest Path
X-X-X-X,0.9,0.8
0.9,17.8,17.8
0.8,17.0,17.0

,Longest Path
X-X-X-X,0.9,0.8
0.9,5773.8,7548.4
0.8,9266.0,9266.0

,Total time
X-X-X-X,0.9,0.8
0.9,0:00:15.132667,0:00:16.583708
0.8,0:00:14.243925,0:00:13.359867

