,SARSA Learning Algorithm,Episodes:700,Obstacle

,Shortest Path
X-X-X-X,0.9,0.8
0.7999999999999999,10.0,10.0

,Longest Path
X-X-X-X,0.9,0.8
0.7999999999999999,594.3,602.3

,Total time
X-X-X-X,0.9,0.8
0.7999999999999999,0:00:32.847515,0:00:39.347107

