,SARSA Learning Algorithm,Episodes:1000,Obstacle

,Shortest Path
X-X-X-X,0.85,0.75,0.65
0.9000000000000001,10.2,10.2,10.0

,Longest Path
X-X-X-X,0.85,0.75,0.65
0.9000000000000001,3474.9,3501.8,4801.5

,Total time
X-X-X-X,0.85,0.75,0.65
0.9000000000000001,0:00:18.129457,0:00:21.396532,0:00:29.368512

