,SARSA Learning Algorithm,Episodes:1000,Obstacle

,Shortest Path
X-X-X-X,0.87,0.82,0.77,0.72,0.67
0.85,12,12,12,12,12
0.85,12,12,12,12,12
0.85,10,10,10,10,10
0.85,10,10,10,10,10
0.85,10,10,10,10,10
0.85,10,10,10,10,10
0.85,10,10,10,10,10
0.85,10,10,10,10,10
0.85,10,10,10,10,10
0.85,10,10,10,10,10


,Longest Path
X-X-X-X,0.87,0.82,0.77,0.72,0.67
0.85,312,575,575,2559,49898
0.85,49898,49898,49898,49898,49898
0.85,49898,49898,49898,49898,49898
0.85,49898,49898,49898,49898,49898
0.85,49898,49898,49898,49898,49898
0.85,49898,49898,49898,49898,49898
0.85,49898,49898,49898,49898,49898
0.85,49898,49898,49898,49898,49898
0.85,81002,81002,81002,81002,81002
0.85,81002,81002,81002,81002,81002


,Total time
X-X-X-X,0.87,0.82,0.77,0.72,0.67
0.85,0:00:25.554862,0:00:27.726046,0:00:31.645408,0:00:39.683810,0:03:53.000091
0.85,0:00:36.806375,0:00:36.439854,0:00:36.752618,0:00:59.726394,0:00:57.985754
0.85,0:00:37.006142,0:00:58.224488,0:00:47.340812,0:00:48.036371,0:01:24.942887
0.85,0:00:52.732854,0:00:57.059111,0:00:59.823338,0:00:45.829994,0:01:06.837145
0.85,0:00:52.049999,0:00:51.320965,0:00:59.112578,0:00:54.621780,0:01:02.646302
0.85,0:01:03.114976,0:01:05.455048,0:01:04.660746,0:01:02.851323,0:01:10.866488
0.85,0:01:07.307227,0:01:09.458176,0:01:17.559884,0:01:43.843126,0:01:18.036810
0.85,0:01:15.807153,0:01:06.651984,0:01:04.128760,0:01:09.307320,0:01:15.472990
0.85,0:05:18.992227,0:00:47.406424,0:00:18.143605,0:00:15.393756,0:00:22.349169
0.85,0:00:17.040521,0:00:14.154592,0:00:17.269963,0:00:32.109946,0:00:37.550941


,Q Table
XXXXXX,0.87,,0.82,,0.77,,0.72,,0.67,
,Final,Full,Final,Full,Final,Full,Final,Full,Final,Full
0.85,11,81,11,81,11,81,11,81,11,81
0.85,11,81,11,81,11,81,11,81,11,81
0.85,9,81,9,81,9,81,9,81,9,81
0.85,9,81,9,81,9,81,9,81,9,81
0.85,9,81,9,81,9,81,9,81,9,81
0.85,9,81,9,81,9,81,9,81,9,81
0.85,9,81,9,80,9,80,9,80,9,81
0.85,9,81,9,81,9,81,9,81,9,81
0.85,9,81,9,81,9,81,9,81,9,81
0.85,9,81,9,81,9,81,9,81,9,81

