,SARSA Learning Algorithm,Episodes:1000,Obstacle

,Shortest Path
X-X-X-X,0.87,0.82,0.77,0.72,0.67
0.8499999999999999,10.4,10.4,10.4,10.4,10.4

,Longest Path
X-X-X-X,0.87,0.82,0.77,0.72,0.67
0.8499999999999999,51160.2,51186.5,51186.5,51384.9,56118.8

,Total time
X-X-X-X,0.87,0.82,0.77,0.72,0.67
0.8499999999999999,0:01:14.641234,0:00:49.389669,0:00:47.643771,0:00:53.140382,0:01:18.968858

