,SARSA Learning Algorithm,Episodes:700,Obstacle

,Shortest Path
X-X-X-X,0.9,0.8
0.9000000000000001,10.0,10.0
0.7999999999999999,10.0,10.0

,Longest Path
X-X-X-X,0.9,0.8
0.9000000000000001,1229.9,1367.8
0.7999999999999999,151975.9,151975.9

,Total time
X-X-X-X,0.9,0.8
0.9000000000000001,0:00:24.057072,0:00:29.364406
0.7999999999999999,0:01:34.886018,0:00:57.722776

