Route,0.9,,,0.8,,
,Short,Long,Time,Short,Long,Time
0.9,13,1292,0:00:47.115097,13,1415,0:00:42.844213
0.8,13,1415,0:00:36.351028,13,1415,0:00:46.374208

Q-Table,0.9,,0.8,
,Final,Full,Final,Full
0.9,12,144,12,144
0.8,12,144,12,144
