,Q Learning Algorithm,Episodes:1000,Obstacle Walls

,Shortest Path
X-X-X-X,0.9,0.8,0.7
0.9,18.0,18.0,18.0
0.8,18.0,18.0,18.0
0.7,18.0,18.0,18.0

,Longest Path
X-X-X-X,0.9,0.8,0.7
0.9,384.0,386.8,386.8
0.8,505.2,505.2,505.2
0.7,618.0,618.0,618.0

,Total time
X-X-X-X,0.9,0.8,0.7
0.9,0:01:20.420260,0:01:23.027943,0:01:29.748308
0.8,0:02:19.720673,0:02:18.864135,0:02:22.744460
0.7,0:03:10.163103,0:03:27.787571,0:03:08.176101

