,Q Learning Algorithm,Episodes:1000,Obstacle Cross

,Shortest Path
X-X-X-X,0.85,0.75
0.85,18.0,18.0
0.75,18.0,18.0

,Longest Path
X-X-X-X,0.85,0.75
0.85,268.6,270.6
0.75,405.4,405.4

,Total time
X-X-X-X,0.85,0.75
0.85,0:00:42.451125,0:00:37.875334
0.75,0:01:32.062772,0:01:41.196353

