,Q Learning Algorithm,Episodes:500,Obstacle

,Shortest Path
X-X-X-X,0.75,0.7,0.6
0.75,13.0,13.0,13.0
0.7,13.0,13.0,13.0
0.6,13.0,13.0,13.0

,Longest Path
X-X-X-X,0.75,0.7,0.6
0.75,650.5,663.25,683.25
0.7,1090.5,1138.0,1138.0
0.6,1138.0,1138.0,1138.0

,Total time
X-X-X-X,0.75,0.7,0.6
0.75,0:00:25.448772,0:00:28.420110,0:00:31.936606
0.7,0:00:38.472692,0:00:42.997695,0:00:43.740456
0.6,0:00:25.541592,0:00:26.572479,0:00:26.754064

