,Q Learning Algorithm,Episodes:1000,Obstacle Walls

,Shortest Path
X-X-X-X,0.85,0.75
0.85,18.0,18.0
0.75,18.0,18.0

,Longest Path
X-X-X-X,0.85,0.75
0.85,404.4,404.4
0.75,486.0,486.0

,Total time
X-X-X-X,0.85,0.75
0.85,0:01:12.085950,0:01:22.649261
0.75,0:01:57.572282,0:02:04.046648

