,Q Learning Algorithm,Episodes:500,Obstacle

,Shortest Path
X-X-X-X,X-X-X-X,0.9,0.8,0.7
0.9,14.0,13.5,13.0
0.8,13.0,13.0,13.0
0.7,13.0,13.0,13.0

,Longest Path
X-X-X-X,X-X-X-X,0.9,0.8,0.7
0.9,836.0,886.0,947.0
0.8,1277.0,1277.0,1277.0
0.7,1278.0,1278.0,1278.0

,Total time
X-X-X-X,X-X-X-X,0.9,0.8,0.7
0.9,0:00:30.703235,0:00:28.634921,0:00:31.487372
0.8,0:00:41.639635,0:00:39.447203,0:00:41.532700
0.7,0:00:50.442210,0:00:46.879743,0:00:55.492374

