,Q Learning Algorithm,Episodes:1000,Cliff Walk

,Shortest Path
X-X-X-X,0.95,0.93
0.95,14.2,14.2
0.93,13.0,13.0

,Longest Path
X-X-X-X,0.95,0.93
0.95,1687.0,1687.0
0.93,1810.0,1810.0

,Total time
X-X-X-X,0.95,0.93
0.95,0:00:42.266461,0:00:46.718972
0.93,0:00:59.855078,0:00:59.938087

