,Q Learning Algorithm,Episodes:1000,Obstacle Walls

,Shortest Path
X-X-X-X,0.95,0.93
0.95,18.4,18.0
0.93,18.0,18.0

,Longest Path
X-X-X-X,0.95,0.93
0.95,550.0,550.0
0.93,605.0,605.0

,Total time
X-X-X-X,0.95,0.93
0.95,0:01:17.246768,0:01:15.572995
0.93,0:01:46.967853,0:01:47.541866

