,SARSA Learning Algorithm,Episodes:1000,Obstacle Walls

,Shortest Path
X-X-X-X,0.9,0.8
0.9,18.0,18.0
0.8,18.0,18.0

,Longest Path
X-X-X-X,0.9,0.8
0.9,1910.8,1910.8
0.8,2074.0,2074.0

,Total time
X-X-X-X,0.9,0.8
0.9,0:03:24.920862,0:02:04.240856
0.8,0:08:08.563372,0:05:24.302291

