,SARSA Learning Algorithm,Episodes:1000,Obstacle Walls

,Shortest Path
X-X-X-X,0.9,0.8
0.9,19.0,19.0
0.8,18.0,18.0

,Longest Path
X-X-X-X,0.9,0.8
0.9,1823.4,1823.4
0.8,2155.0,2155.0

,Total time
X-X-X-X,0.9,0.8
0.9,0:06:33.495144,0:04:02.885291
0.8,0:09:55.783586,0:05:53.365885

