,SARSA Learning Algorithm,Episodes:1000,Obstacle Cross

,Shortest Path
X-X-X-X,0.9,0.8
0.9,18.0,18.0
0.8,18.0,18.0

,Longest Path
X-X-X-X,0.9,0.8
0.9,1393.2,1393.2
0.8,1617.6,1617.6

,Total time
X-X-X-X,0.9,0.8
0.9,0:04:11.008760,0:02:07.841878
0.8,0:04:57.436852,0:02:48.555959

