,SARSA Learning Algorithm,Episodes:500,Obstacle

,Shortest Path
X-X-X-X,0.2
0.2,43
0.2,32
0.2,24
0.2,24
0.2,24


,Longest Path
X-X-X-X,0.2
0.2,2358
0.2,2358
0.2,2358
0.2,2358
0.2,2358


,Total time
X-X-X-X,0.2
0.2,0:02:41.353665
0.2,0:03:02.897186
0.2,0:02:48.993363
0.2,0:02:48.754603
0.2,0:02:57.431329


,Q Table
XXXXXX,0.2,
,Final,Full
0.2,31,144
0.2,30,144
0.2,29,144
0.2,29,144
0.2,29,144

