,SARSA Learning Algorithm,Episodes:1000,Obstacle Walls

,Shortest Path
X-X-X-X,0.95,0.93
0.95,18.4,18.0
0.93,18.0,18.0

,Longest Path
X-X-X-X,0.95,0.93
0.95,2709.6,2709.6
0.93,4768.0,4768.0

,Total time
X-X-X-X,0.95,0.93
0.95,0:07:04.583468,0:06:12.251382
0.93,0:11:29.217101,0:09:25.958242

